Title,Company,Link
Full Stack Javascript Software Engineer,"SDVI
                ",https://stackoverflow.com/jobs/254207/full-stack-javascript-software-engineer-sdvi?a=1nfHfd5lBOH6&so=i&pg=1&offset=0&total=285&so_medium=Internal&so_source=JobSearch&q=javascript&r=true
Remote Full Stack Javascript Developer,"Verys
                ",https://stackoverflow.com/jobs/473493/remote-full-stack-javascript-developer-verys?a=2yNht3mzFUju&so=i&pg=1&offset=1&total=285&so_medium=Internal&so_source=JobSearch&q=javascript&r=true
Full Stack JavaScript Developer (Remote),"GitStart
                ",https://stackoverflow.com/jobs/463017/full-stack-javascript-developer-remote-gitstart?a=2vhsfdruzLFK&so=i&pg=1&offset=2&total=285&so_medium=Internal&so_source=JobSearch&q=javascript&r=true
Software Engineer - Backend Javascript,"Agrian Inc.
                ",https://stackoverflow.com/jobs/466506/software-engineer-backend-javascript-agrian-inc?a=2ws07nvzuiNW&so=i&pg=1&offset=3&total=285&so_medium=Internal&so_source=JobSearch&q=javascript&r=true
Javascript Full Stack Developer,"iFit
                ",https://stackoverflow.com/jobs/399262/javascript-full-stack-developer-ifit?a=29TO74yoG81O&so=i&pg=1&offset=4&total=285&so_medium=Internal&so_source=JobSearch&q=javascript&r=true
Full-stack engineer (JS + Ruby),"Almanac
                ",https://stackoverflow.com/jobs/371120/full-stack-engineer-js-plus-ruby-almanac?a=20sEsnSDKWS4&so=i&pg=1&offset=5&total=285&so_medium=Internal&so_source=JobSearch&q=javascript&r=true
"[100% REMOTE] Senior Staff Javascript Engineer (Full-Stack, Node/Express, React)","Clevertech
                ",https://stackoverflow.com/jobs/473462/100-remote-senior-staff-javascript-engineer-clevertech?a=2yMDFhxcLgk0&so=i&pg=1&offset=6&total=285&so_medium=Internal&so_source=JobSearch&q=javascript&r=true
Software Engineer - JavaScript,"Moov Financial
                ",https://stackoverflow.com/jobs/466501/software-engineer-javascript-moov-financial?a=2wrTFJSSCrTi&so=i&pg=1&offset=7&total=285&so_medium=Internal&so_source=JobSearch&q=javascript&r=true
Senior Software Engineer - JavaScript,"Moov Financial
                ",https://stackoverflow.com/jobs/466498/senior-software-engineer-javascript-moov-financial?a=2wrPNXjguW8U&so=i&pg=1&offset=8&total=285&so_medium=Internal&so_source=JobSearch&q=javascript&r=true
"Senior Software Test Engineer (C#, JS, Azure)","Free Market Music
                ",https://stackoverflow.com/jobs/471575/senior-software-test-engineer-c-sharp-js-azure-free-market-music?a=2y9oRuM8SwE0&so=i&pg=1&offset=9&total=285&so_medium=Internal&so_source=JobSearch&q=javascript&r=true
Lead WordPress Developer (PHP/JS),"Vertigo Studio SRL
                ",https://stackoverflow.com/jobs/435451/lead-wordpress-developer-php-js-vertigo-studio-srl?a=2m2hiWv6AyeQ&so=i&pg=1&offset=10&total=285&so_medium=Internal&so_source=JobSearch&q=javascript&r=true
Remote Senior Developer (AWS / JavaScript),"JBS Custom Software Solutions
                ",https://stackoverflow.com/jobs/467801/remote-senior-developer-aws-javascript-jbs-custom-software-solutions?a=2wSVzU8Eslr2&so=i&pg=1&offset=11&total=285&so_medium=Internal&so_source=JobSearch&q=javascript&r=true
JavaScript/TypeScript Node Developer - Remote Full-Time W2,"TSP Consulting
                ",https://stackoverflow.com/jobs/394891/javascript-typescript-node-developer-remote-tsp-consulting?a=28qVczBy92VO&so=i&pg=1&offset=12&total=285&so_medium=Internal&so_source=JobSearch&q=javascript&r=true
Full Stack Javascript Developer,"Undefined LLC
                ",https://stackoverflow.com/jobs/328010/full-stack-javascript-developer-undefined-llc?a=1M0h04IskbC0&so=i&pg=1&offset=13&total=285&so_medium=Internal&so_source=JobSearch&q=javascript&r=true
Senior Full Stack JavaScript Architect,"GitStart
                ",https://stackoverflow.com/jobs/341371/senior-full-stack-javascript-architect-gitstart?a=1Qu5hGhaW7lu&so=i&pg=1&offset=14&total=285&so_medium=Internal&so_source=JobSearch&q=javascript&r=true
Full Stack .NET/MSSQL/JS Developer,"MicroGSD
                ",https://stackoverflow.com/jobs/406903/full-stack-net-mssql-js-developer-microgsd?a=2csGzxDrhmDK&so=i&pg=1&offset=15&total=285&so_medium=Internal&so_source=JobSearch&q=javascript&r=true
Front-End Developer (JavaScript/HTML/CSS),"Adopt-a-Pet.com
                ",https://stackoverflow.com/jobs/471195/front-end-developer-javascript-html-css-adopt-a-petcom?a=2y1uYVlARFcY&so=i&pg=1&offset=16&total=285&so_medium=Internal&so_source=JobSearch&q=javascript&r=true
"Senior Software Engineer - .NET 5, JS, Azure","Free Market Music
                ",https://stackoverflow.com/jobs/364254/senior-software-engineer-net-5-js-azure-free-market-music?a=1Y9T5YwLMZS8&so=i&pg=1&offset=17&total=285&so_medium=Internal&so_source=JobSearch&q=javascript&r=true
Senior Full-Stack Developer | 100% Remote | (US Only),"GovSpend
                ",https://stackoverflow.com/jobs/252175/senior-full-stack-developer-100-remote-us-govspend?a=1mzrvTeexkuk&so=i&pg=1&offset=18&total=285&so_medium=Internal&so_source=JobSearch&q=javascript&r=true
Senior Software Architect,"Practichem
                ",https://stackoverflow.com/jobs/457036/senior-software-architect-practichem?a=2th5MVy0lSo0&so=i&pg=1&offset=19&total=285&so_medium=Internal&so_source=JobSearch&q=javascript&r=true
Java Software Engineer,"Practichem
                ",https://stackoverflow.com/jobs/454944/java-software-engineer-practichem?a=2szARVDUwNk4&so=i&pg=1&offset=20&total=285&so_medium=Internal&so_source=JobSearch&q=javascript&r=true
"Senior Software Engineer, Frontend (Remote)","hims & hers
                ",https://stackoverflow.com/jobs/469398/senior-software-engineer-frontend-remote-hims-hers?a=2xq8mDgihW36&so=i&pg=1&offset=21&total=285&so_medium=Internal&so_source=JobSearch&q=javascript&r=true
Senior Backend Engineer (Ruby on Rails),"Files.com
                ",https://stackoverflow.com/jobs/282423/senior-backend-engineer-ruby-on-rails-filescom?a=1wInYzIiQkNi&so=i&pg=1&offset=22&total=285&so_medium=Internal&so_source=JobSearch&q=javascript&r=true
Software Engineer - Fullstack - remote (m/f/d),"Yelp
                ",https://stackoverflow.com/jobs/463138/software-engineer-fullstack-remote-m-f-d-yelp?a=2vjYetWCNqbm&so=i&pg=1&offset=23&total=285&so_medium=Internal&so_source=JobSearch&q=javascript&r=true
Senior Sales Engineer (sales position),"OpenCraft
                ",https://stackoverflow.com/jobs/470815/senior-sales-engineer-sales-position-opencraft?a=2xTB6lV2QNLW&so=i&pg=1&offset=24&total=285&so_medium=Internal&so_source=JobSearch&q=javascript&r=true
"Senior .NET Core Developer - ""See JD for Skill set"" (Senior, Remote)","TopDevz
                ",https://stackoverflow.com/jobs/471168/senior-net-core-developer-see-jd-for-skill-topdevz?a=2y0WkRCnrHA4&so=i&pg=2&offset=0&total=285&so_medium=Internal&so_source=JobSearch&q=javascript&r=true
React Software Developer,"Cluby
                ",https://stackoverflow.com/jobs/469377/react-software-developer-cluby?a=2xpHi9eZrlOo&so=i&pg=2&offset=1&total=285&so_medium=Internal&so_source=JobSearch&q=javascript&r=true
Join G2i as a 100% Remote Node Engineer | Fully Remote Position | G2i Collective,"G2i Inc
                ",https://stackoverflow.com/jobs/405883/join-g2i-as-a-100-remote-node-engineer-fully-g2i-inc?a=2c7ttaT4pCbC&so=i&pg=2&offset=2&total=285&so_medium=Internal&so_source=JobSearch&q=javascript&r=true
Senior Frontend Engineer (ES8/React/Redux/Saga),"Files.com
                ",https://stackoverflow.com/jobs/241031/senior-frontend-engineer-es8-react-redux-saga-filescom?a=1iPJ8gJzNaAo&so=i&pg=2&offset=3&total=285&so_medium=Internal&so_source=JobSearch&q=javascript&r=true
Senior Full-Stack Software Engineer,"Unhedged
                ",https://stackoverflow.com/jobs/471177/senior-full-stack-software-engineer-unhedged?a=2y17MdTU8AIE&so=i&pg=2&offset=4&total=285&so_medium=Internal&so_source=JobSearch&q=javascript&r=true
Full-Stack Software Engineer,"Unhedged
                ",https://stackoverflow.com/jobs/471179/full-stack-software-engineer-unhedged?a=2y1am4WYSVSU&so=i&pg=2&offset=5&total=285&so_medium=Internal&so_source=JobSearch&q=javascript&r=true
Senior Backend Engineer Who Loves Typescript,"Well Health Inc.
                ",https://stackoverflow.com/jobs/470542/senior-backend-engineer-who-loves-typescript-well-health-inc?a=2xNVa3E5PcGI&so=i&pg=2&offset=6&total=285&so_medium=Internal&so_source=JobSearch&q=javascript&r=true
Join G2i as a 100% Remote React Engineer (Native or Web) | Fully Remote Position,"G2i Inc
                ",https://stackoverflow.com/jobs/229077/join-g2i-as-a-100-remote-react-engineer-native-g2i-inc?a=1ePax78UkKFW&so=i&pg=2&offset=7&total=285&so_medium=Internal&so_source=JobSearch&q=javascript&r=true
Software Architect,"Decodify.me LLC
                ",https://stackoverflow.com/jobs/443400/software-architect-decodifyme-llc?a=2oHyPbdWimkw&so=i&pg=2&offset=8&total=285&so_medium=Internal&so_source=JobSearch&q=javascript&r=true
Software Engineering Manager at interactive benefits communications platform,"The Jellyvision Lab Inc.
                ",https://stackoverflow.com/jobs/474788/software-engineering-manager-at-interactive-the-jellyvision-lab-inc?a=2zecVzZEDWWA&so=i&pg=2&offset=9&total=285&so_medium=Internal&so_source=JobSearch&q=javascript&r=true
"Backend Software Engineer, PHP (Remote)","Automattic
                ",https://stackoverflow.com/jobs/315815/backend-software-engineer-php-remote-automattic?a=1HUHykcK7ZbW&so=i&pg=2&offset=10&total=285&so_medium=Internal&so_source=JobSearch&q=javascript&r=true
Lead Backend Engineer,"Gridics
                ",https://stackoverflow.com/jobs/471811/lead-backend-engineer-gridics?a=2yej6sDb4Oas&so=i&pg=2&offset=11&total=285&so_medium=Internal&so_source=JobSearch&q=javascript&r=true
Software Engineer,"Homee
                ",https://stackoverflow.com/jobs/361272/software-engineer-homee?a=1X9SPdxBm0bm&so=i&pg=2&offset=12&total=285&so_medium=Internal&so_source=JobSearch&q=javascript&r=true
Vue.js Developer,"BairesDev LLC
                ",https://stackoverflow.com/jobs/471603/vuejs-developer-bairesdev-llc?a=2y9YXttdliXC&so=i&pg=2&offset=13&total=285&so_medium=Internal&so_source=JobSearch&q=javascript&r=true
"Lead Full-Stack Developer, Software Architect","Equisolve
                ",https://stackoverflow.com/jobs/470817/lead-full-stack-developer-software-architect-equisolve?a=2xTDGcY7B8Wc&so=i&pg=2&offset=14&total=285&so_medium=Internal&so_source=JobSearch&q=javascript&r=true
Senior Engineer (Integrations),"Tiled Inc.
                ",https://stackoverflow.com/jobs/432669/senior-engineer-integrations-tiled-inc?a=2l6qRKtATH5S&so=i&pg=2&offset=15&total=285&so_medium=Internal&so_source=JobSearch&q=javascript&r=true
Senior Full-Stack Engineer,"Made Market, Inc.
                ",https://stackoverflow.com/jobs/456324/senior-full-stack-engineer-made-market-inc?a=2t2hUjSKglu8&so=i&pg=2&offset=16&total=285&so_medium=Internal&so_source=JobSearch&q=javascript&r=true
Senior Software Engineer,"Outschool
                ",https://stackoverflow.com/jobs/406476/senior-software-engineer-outschool?a=2cjNWn6h1PK8&so=i&pg=2&offset=17&total=285&so_medium=Internal&so_source=JobSearch&q=javascript&r=true
Frontend Engineer,"Tessian
                ",https://stackoverflow.com/jobs/475359/frontend-engineer-tessian?a=2zq5cm6kI3KM&so=i&pg=2&offset=18&total=285&so_medium=Internal&so_source=JobSearch&q=javascript&r=true
Senior Frontend Software Engineer,"Circle
                ",https://stackoverflow.com/jobs/472183/senior-frontend-software-engineer-circle?a=2ym2FBRq6iWs&so=i&pg=2&offset=19&total=285&so_medium=Internal&so_source=JobSearch&q=javascript&r=true
Full Stack Web Developer,"Art & Logic, Inc.
                ",https://stackoverflow.com/jobs/370918/full-stack-web-developer-art-logic-inc?a=20os2XRUgta0&so=i&pg=2&offset=20&total=285&so_medium=Internal&so_source=JobSearch&q=javascript&r=true
Senior React JS Developer / Remote,"CloseCross
                ",https://stackoverflow.com/jobs/272193/senior-react-js-developer-remote-closecross?a=1thFSYTDGbvi&so=i&pg=2&offset=21&total=285&so_medium=Internal&so_source=JobSearch&q=javascript&r=true
Fullstack Engineer (React/Node/PHP) for Mission-Driven EdTech (Remote/US),"Hobsons
                ",https://stackoverflow.com/jobs/468940/fullstack-engineer-react-node-php-for-mission-hobsons?a=2xgBVGTL7La0&so=i&pg=2&offset=22&total=285&so_medium=Internal&so_source=JobSearch&q=javascript&r=true
Senior Software Engineer - Infrastructure,"Outschool
                ",https://stackoverflow.com/jobs/386170/senior-software-engineer-infrastructure-outschool?a=25vAi4hQfOU0&so=i&pg=2&offset=23&total=285&so_medium=Internal&so_source=JobSearch&q=javascript&r=true
Full-Stack .NET Engineer,"MediKeeper
                ",https://stackoverflow.com/jobs/422397/full-stack-net-engineer-medikeeper?a=2hEQNb3DI1oY&so=i&pg=2&offset=24&total=285&so_medium=Internal&so_source=JobSearch&q=javascript&r=true
Dev Ops and Software Engineer - Remote Full-Time W2,"TSP Consulting
                ",https://stackoverflow.com/jobs/468083/dev-ops-and-software-engineer-remote-full-time-tsp-consulting?a=2wYNhxzLw7S0&so=i&pg=3&offset=0&total=285&so_medium=Internal&so_source=JobSearch&q=javascript&r=true
Lead full-stack developer,"The BHW Group
                ",https://stackoverflow.com/jobs/448325/lead-full-stack-developer-the-bhw-group?a=2qlXVGUZS0g0&so=i&pg=3&offset=1&total=285&so_medium=Internal&so_source=JobSearch&q=javascript&r=true
Senior React JS Developer / Remote,"CloseCross
                ",https://stackoverflow.com/jobs/272193/senior-react-js-developer-remote-closecross?a=1thFSYTDGbvi&so=i&pg=3&offset=2&total=285&so_medium=Internal&so_source=JobSearch&q=javascript&r=true
Staff Software Engineer,"Wikimedia Foundation, Inc.
                ",https://stackoverflow.com/jobs/473497/staff-software-engineer-wikimedia-foundation-inc?a=2yNmCLsJaAE0&so=i&pg=3&offset=3&total=285&so_medium=Internal&so_source=JobSearch&q=javascript&r=true
Full Stack Rails developer (n.) Superhero poised to change the world,"Simplero
                ",https://stackoverflow.com/jobs/469403/full-stack-rails-developer-n-superhero-poised-simplero?a=2xqeYgkiPr2g&so=i&pg=3&offset=4&total=285&so_medium=Internal&so_source=JobSearch&q=javascript&r=true
Frontend Software Engineer,"Ride with GPS
                ",https://stackoverflow.com/jobs/470819/frontend-software-engineer-ride-with-gps?a=2xTGg41clu6s&so=i&pg=3&offset=5&total=285&so_medium=Internal&so_source=JobSearch&q=javascript&r=true
Senior Software Engineer,"Leverege
                ",https://stackoverflow.com/jobs/468965/senior-software-engineer-leverege?a=2xh89T1dt1Je&so=i&pg=3&offset=6&total=285&so_medium=Internal&so_source=JobSearch&q=javascript&r=true
Frontend Engineer,"Vouched
                ",https://stackoverflow.com/jobs/435259/frontend-engineer-vouched?a=2lYhMNJKPMm4&so=i&pg=3&offset=7&total=285&so_medium=Internal&so_source=JobSearch&q=javascript&r=true
Mid-Level Software Engineer (Cloud),"Total Defense
                ",https://stackoverflow.com/jobs/468077/mid-level-software-engineer-cloud-total-defense?a=2wYFnYZdBsgE&so=i&pg=3&offset=8&total=285&so_medium=Internal&so_source=JobSearch&q=javascript&r=true
Software Engineer - Web UI,"Agrian Inc.
                ",https://stackoverflow.com/jobs/451025/software-engineer-web-ui-agrian-inc?a=2rg6ENUmURCo&so=i&pg=3&offset=9&total=285&so_medium=Internal&so_source=JobSearch&q=javascript&r=true
Full Stack Software Developer,"LaunchPad Lab
                ",https://stackoverflow.com/jobs/473491/full-stack-software-developer-launchpad-lab?a=2yNeTcjuVz9e&so=i&pg=3&offset=10&total=285&so_medium=Internal&so_source=JobSearch&q=javascript&r=true
Staff Software Engineer (Node),"Jack Henry & Associates, Inc.速
                ",https://stackoverflow.com/jobs/471201/staff-software-engineer-node-jack-henry-associates-inc?a=2y1CStW8MkMg&so=i&pg=3&offset=11&total=285&so_medium=Internal&so_source=JobSearch&q=javascript&r=true
Senior Fullstack Software Developer for Interactive Healthcare SaaS Platform,"The Jellyvision Lab Inc.
                ",https://stackoverflow.com/jobs/457661/senior-fullstack-software-developer-for-the-jellyvision-lab-inc?a=2tu5vOyqVyAE&so=i&pg=3&offset=12&total=285&so_medium=Internal&so_source=JobSearch&q=javascript&r=true
Lead Full Stack Developer,"Housable
                ",https://stackoverflow.com/jobs/421953/lead-full-stack-developer-housable?a=2hvCfeBk6ABa&so=i&pg=3&offset=13&total=285&so_medium=Internal&so_source=JobSearch&q=javascript&r=true
Engineering Team Lead - with a passion for building fun and effective teams,"Simplero
                ",https://stackoverflow.com/jobs/469405/engineering-team-lead-with-a-passion-for-simplero?a=2xqhy7nnzMcw&so=i&pg=3&offset=14&total=285&so_medium=Internal&so_source=JobSearch&q=javascript&r=true
Senior Software Engineer,"uShip
                ",https://stackoverflow.com/jobs/451415/senior-software-engineer-uship?a=2rodqEAiFqSI&so=i&pg=3&offset=15&total=285&so_medium=Internal&so_source=JobSearch&q=javascript&r=true
Senior Front-End Engineer,"Active Theory
                ",https://stackoverflow.com/jobs/450543/senior-front-end-engineer-active-theory?a=2r65rAoeseOI&so=i&pg=3&offset=16&total=285&so_medium=Internal&so_source=JobSearch&q=javascript&r=true
"Software Engineer, Web Applications","FiscalNote
                ",https://stackoverflow.com/jobs/462297/software-engineer-web-applications-fiscalnote?a=2v2u3bzVuS6Q&so=i&pg=3&offset=17&total=285&so_medium=Internal&so_source=JobSearch&q=javascript&r=true
Senior Fullstack Developer - US Based - Dec 2020,"NearForm
                ",https://stackoverflow.com/jobs/465087/senior-fullstack-developer-us-based-dec-2020-nearform?a=2vYuNNNKb5UQ&so=i&pg=3&offset=18&total=285&so_medium=Internal&so_source=JobSearch&q=javascript&r=true
"Senior Frontend Software Engineer -- East Bay, Austin, U.S. Remote","Underline
                ",https://stackoverflow.com/jobs/423274/senior-frontend-software-engineer-east-bay-underline?a=2hX5dSSoN4nC&so=i&pg=3&offset=19&total=285&so_medium=Internal&so_source=JobSearch&q=javascript&r=true
Frontend Tech Lead (m/f/d) - Interior Design Tech Team,"Westwing Home & Living
                ",https://stackoverflow.com/jobs/470797/frontend-tech-lead-m-f-d-interior-design-tech-westwing-home-living?a=2xTdTEtm7JhC&so=i&pg=3&offset=20&total=285&so_medium=Internal&so_source=JobSearch&q=javascript&r=true
Senior Solution Architect - Remote,"Theorem, LLC
                ",https://stackoverflow.com/jobs/472054/senior-solution-architect-remote-theorem-llc?a=2yjmwUBiyVQk&so=i&pg=3&offset=21&total=285&so_medium=Internal&so_source=JobSearch&q=javascript&r=true
Software Engineer Java Full Stack Must live in Eastern or Central Time Zone USA,"Cardinal Financial Company, LP
                ",https://stackoverflow.com/jobs/350467/software-engineer-java-full-stack-must-live-in-cardinal-financial-company-lp?a=1TxdD7oJYlTG&so=i&pg=3&offset=22&total=285&so_medium=Internal&so_source=JobSearch&q=javascript&r=true
Senior Software Engineer,"LINQ
                ",https://stackoverflow.com/jobs/451627/senior-software-engineer-linq?a=2rsCJlQpTCq4&so=i&pg=3&offset=23&total=285&so_medium=Internal&so_source=JobSearch&q=javascript&r=true
Senior Software Engineer (Go specialist),"NetData Inc.
                ",https://stackoverflow.com/jobs/408448/senior-software-engineer-go-specialist-netdata-inc?a=2cYOk1t5G4X6&so=i&pg=3&offset=24&total=285&so_medium=Internal&so_source=JobSearch&q=javascript&r=true
Senior DevOps Engineer Who Doesn't Love Containers,"Simplero
                ",https://stackoverflow.com/jobs/469404/senior-devops-engineer-who-doesnt-love-containers-simplero?a=2xqggbQQcBEs&so=i&pg=4&offset=0&total=285&so_medium=Internal&so_source=JobSearch&q=javascript&r=true
Frontend Tech Lead (m/f/d) - Interior Design Tech Team,"Westwing Home & Living
                ",https://stackoverflow.com/jobs/470797/frontend-tech-lead-m-f-d-interior-design-tech-westwing-home-living?a=2xTdTEtm7JhC&so=i&pg=4&offset=1&total=285&so_medium=Internal&so_source=JobSearch&q=javascript&r=true
Senior Software Engineer (Go specialist),"NetData Inc.
                ",https://stackoverflow.com/jobs/408448/senior-software-engineer-go-specialist-netdata-inc?a=2cYOk1t5G4X6&so=i&pg=4&offset=2&total=285&so_medium=Internal&so_source=JobSearch&q=javascript&r=true
Senior Solution Architect - Remote,"Theorem, LLC
                ",https://stackoverflow.com/jobs/472054/senior-solution-architect-remote-theorem-llc?a=2yjmwUBiyVQk&so=i&pg=4&offset=3&total=285&so_medium=Internal&so_source=JobSearch&q=javascript&r=true
Lead Developer: Ruby on Rails,"DaoCloud
                ",https://stackoverflow.com/jobs/473487/lead-developer-ruby-on-rails-daocloud?a=2yN9JudlqSOI&so=i&pg=4&offset=4&total=285&so_medium=Internal&so_source=JobSearch&q=javascript&r=true
"Full Stack Developer  (NodeJS, React)","Alcumus
                ",https://stackoverflow.com/jobs/474173/full-stack-developer-nodejs-react-alcumus?a=2z1q5YeBNYze&so=i&pg=4&offset=5&total=285&so_medium=Internal&so_source=JobSearch&q=javascript&r=true
Full Stack Engineer - Intermediate ( Remote ),"New Context Services
                ",https://stackoverflow.com/jobs/473488/full-stack-engineer-intermediate-remote-new-context-services?a=2yNbbpbctHtm&so=i&pg=4&offset=6&total=285&so_medium=Internal&so_source=JobSearch&q=javascript&r=true
Full Stack Web Developer (Remote),"SOCi
                ",https://stackoverflow.com/jobs/472559/full-stack-web-developer-remote-soci?a=2ytRotbOCu2Y&so=i&pg=4&offset=7&total=285&so_medium=Internal&so_source=JobSearch&q=javascript&r=true
Cloud App Engineer,"UKG (Ultimate Kronos Group)
                ",https://stackoverflow.com/jobs/471586/cloud-app-engineer-ukg-ultimate-kronos-group?a=2y9D2Hy3Zp3q&so=i&pg=4&offset=8&total=285&so_medium=Internal&so_source=JobSearch&q=javascript&r=true
Senior Back End Developer (Remote),"TMP Worldwide
                ",https://stackoverflow.com/jobs/445284/senior-back-end-developer-remote-tmp-worldwide?a=2pkJBbY4nWbC&so=i&pg=4&offset=9&total=285&so_medium=Internal&so_source=JobSearch&q=javascript&r=true
Senior Backend Developer,"Makeen Technologies LLC
                ",https://stackoverflow.com/jobs/417842/senior-backend-developer-makeen-technologies-llc?a=2g88vY6qJT0I&so=i&pg=4&offset=10&total=285&so_medium=Internal&so_source=JobSearch&q=javascript&r=true
PHP Developer (f/m/d) Remote/Homeoffice - WordPress Projects at Enterprise Level,"Inpsyde GmbH
                ",https://stackoverflow.com/jobs/229477/php-developer-f-m-d-remote-homeoffice-inpsyde-gmbh?a=1eXumevxuFQ4&so=i&pg=4&offset=11&total=285&so_medium=Internal&so_source=JobSearch&q=javascript&r=true
"Full Stack Developer, CMS","U.S. News & World Report, Inc.
                ",https://stackoverflow.com/jobs/468941/full-stack-developer-cms-us-news-world-report-inc?a=2xgDdCqiuVK8&so=i&pg=4&offset=12&total=285&so_medium=Internal&so_source=JobSearch&q=javascript&r=true
Senior Frontend Developer,"NetData Inc.
                ",https://stackoverflow.com/jobs/316094/senior-frontend-developer-netdata-inc?a=1I0vob4f4fQs&so=i&pg=4&offset=13&total=285&so_medium=Internal&so_source=JobSearch&q=javascript&r=true
Full Stack Developer - Learn TypeScript - FinTech,"Forward Financing
                ",https://stackoverflow.com/jobs/472420/full-stack-developer-learn-typescript-fintech-forward-financing?a=2yqYcveZFL32&so=i&pg=4&offset=14&total=285&so_medium=Internal&so_source=JobSearch&q=javascript&r=true
Integration Software Engineer,"TaxJar
                ",https://stackoverflow.com/jobs/457701/integration-software-engineer-taxjar?a=2tuVeUZhy1Yk&so=i&pg=4&offset=15&total=285&so_medium=Internal&so_source=JobSearch&q=javascript&r=true
[100% REMOTE] Senior Engineering Manager,"Clevertech
                ",https://stackoverflow.com/jobs/474727/100-remote-senior-engineering-manager-clevertech?a=2zcWhYYOQxoI&so=i&pg=4&offset=16&total=285&so_medium=Internal&so_source=JobSearch&q=javascript&r=true
Backend Engineer - Location Flexible,"Volusion, LLC
                ",https://stackoverflow.com/jobs/443235/backend-engineer-location-flexible-volusion-llc?a=2oE875D7Dcbe&so=i&pg=4&offset=17&total=285&so_medium=Internal&so_source=JobSearch&q=javascript&r=true
Senior Front End Software Engineer,"Boston Dynamics
                ",https://stackoverflow.com/jobs/457627/senior-front-end-software-engineer-boston-dynamics?a=2ttnGgI8dKMg&so=i&pg=4&offset=18&total=285&so_medium=Internal&so_source=JobSearch&q=javascript&r=true
Back End Developer (Remote),"TMP Worldwide
                ",https://stackoverflow.com/jobs/445285/back-end-developer-remote-tmp-worldwide?a=2pkKT7uBL6LK&so=i&pg=4&offset=19&total=285&so_medium=Internal&so_source=JobSearch&q=javascript&r=true
HTML5 SPA Developer,"ADASHI Systems
                ",https://stackoverflow.com/jobs/467151/html5-spa-developer-adashi-systems?a=2wFpCP0LxoFa&so=i&pg=4&offset=20&total=285&so_medium=Internal&so_source=JobSearch&q=javascript&r=true
Sr. Frontend Software Engineer,"Chaturbate
                ",https://stackoverflow.com/jobs/460874/sr-frontend-software-engineer-chaturbate?a=2uyTJTdgmCXK&so=i&pg=4&offset=21&total=285&so_medium=Internal&so_source=JobSearch&q=javascript&r=true
Lead Front-End Web Engineer,"LiveSurface
                ",https://stackoverflow.com/jobs/460777/lead-front-end-web-engineer-livesurface?a=2uwSwTRJrqmI&so=i&pg=4&offset=22&total=285&so_medium=Internal&so_source=JobSearch&q=javascript&r=true
Full Stack Engineer,"Pingboard
                ",https://stackoverflow.com/jobs/468082/full-stack-engineer-pingboard?a=2wYLPCBUtjbi&so=i&pg=4&offset=23&total=285&so_medium=Internal&so_source=JobSearch&q=javascript&r=true
Senior Full Stack .Net Web Application Developer,"MapLarge
                ",https://stackoverflow.com/jobs/134022/senior-full-stack-net-web-application-developer-maplarge?a=IWHAee9iTCM&so=i&pg=4&offset=24&total=285&so_medium=Internal&so_source=JobSearch&q=javascript&r=true
Senior API + Frontend Engineer in MedTech,"PeerWell Inc.
                ",https://stackoverflow.com/jobs/468515/senior-api-plus-frontend-engineer-in-medtech-peerwell-inc?a=2x7McmiiXRBK&so=i&pg=5&offset=0&total=285&so_medium=Internal&so_source=JobSearch&q=javascript&r=true
Full Stack Engineer,"Pingboard
                ",https://stackoverflow.com/jobs/468082/full-stack-engineer-pingboard?a=2wYLPCBUtjbi&so=i&pg=5&offset=1&total=285&so_medium=Internal&so_source=JobSearch&q=javascript&r=true
Sr. Frontend Software Engineer,"Chaturbate
                ",https://stackoverflow.com/jobs/460874/sr-frontend-software-engineer-chaturbate?a=2uyTJTdgmCXK&so=i&pg=5&offset=2&total=285&so_medium=Internal&so_source=JobSearch&q=javascript&r=true
Senior Full Stack .Net Web Application Developer,"MapLarge
                ",https://stackoverflow.com/jobs/134022/senior-full-stack-net-web-application-developer-maplarge?a=IWHAee9iTCM&so=i&pg=5&offset=3&total=285&so_medium=Internal&so_source=JobSearch&q=javascript&r=true
"Senior Software Engineer, Front End","Skuid, Inc.
                ",https://stackoverflow.com/jobs/445854/senior-software-engineer-front-end-skuid-inc?a=2pwAq36Tpela&so=i&pg=5&offset=4&total=285&so_medium=Internal&so_source=JobSearch&q=javascript&r=true
Sr. Software Engineer,"VisuWell
                ",https://stackoverflow.com/jobs/274406/sr-software-engineer-visuwell?a=1u1GNfiRIV4Q&so=i&pg=5&offset=5&total=285&so_medium=Internal&so_source=JobSearch&q=javascript&r=true
QA Software Developer,"Tempo Software
                ",https://stackoverflow.com/jobs/463643/qa-software-developer-tempo-software?a=2vutg1YswCsw&so=i&pg=5&offset=6&total=285&so_medium=Internal&so_source=JobSearch&q=javascript&r=true
Front End Engineer,"ReCharge Payments
                ",https://stackoverflow.com/jobs/469141/front-end-engineer-recharge-payments?a=2xkN3bnXf4hW&so=i&pg=5&offset=7&total=285&so_medium=Internal&so_source=JobSearch&q=javascript&r=true
"Lead Software Engineer, SEO","DraftKings
                ",https://stackoverflow.com/jobs/447529/lead-software-engineer-seo-draftkings?a=2q5pL9awo8pi&so=i&pg=5&offset=8&total=285&so_medium=Internal&so_source=JobSearch&q=javascript&r=true
Front-End Developer,"KBMax
                ",https://stackoverflow.com/jobs/468520/front-end-developer-kbmax?a=2x7Su0tGa4pO&so=i&pg=5&offset=9&total=285&so_medium=Internal&so_source=JobSearch&q=javascript&r=true
Front-end Developer,"Scanifly
                ",https://stackoverflow.com/jobs/458086/front-end-developer-scanifly?a=2tCVp8BcL6fu&so=i&pg=5&offset=10&total=285&so_medium=Internal&so_source=JobSearch&q=javascript&r=true
[100% REMOTE] Senior Staff React Developer,"Clevertech
                ",https://stackoverflow.com/jobs/473463/100-remote-senior-staff-react-developer-clevertech?a=2yMENdCqsMPC&so=i&pg=5&offset=11&total=285&so_medium=Internal&so_source=JobSearch&q=javascript&r=true
Senior UI / Front End Developer (100% Remote),"Mapleton Hill
                ",https://stackoverflow.com/jobs/32763/senior-ui-front-end-developer-100-remote-mapleton-hill?a=aZeH9nRI5l6&so=i&pg=5&offset=12&total=285&so_medium=Internal&so_source=JobSearch&q=javascript&r=true
Front-End Developer job - REMOTE,"Pentalog
                ",https://stackoverflow.com/jobs/470998/front-end-developer-job-remote-pentalog?a=2xXp18Xyf2py&so=i&pg=5&offset=13&total=285&so_medium=Internal&so_source=JobSearch&q=javascript&r=true
Lead Front-End Web Engineer,"LiveSurface
                ",https://stackoverflow.com/jobs/460777/lead-front-end-web-engineer-livesurface?a=2uwSwTRJrqmI&so=i&pg=5&offset=14&total=285&so_medium=Internal&so_source=JobSearch&q=javascript&r=true
Drupal Developer with React Experience,"Accella
                ",https://stackoverflow.com/jobs/458246/drupal-developer-with-react-experience-accella?a=2tGfFAzkypu8&so=i&pg=5&offset=15&total=285&so_medium=Internal&so_source=JobSearch&q=javascript&r=true
Senior WebXR Games Engineer,"NWR CORP
                ",https://stackoverflow.com/jobs/454917/senior-webxr-games-engineer-nwr-corp?a=2sz23StnrbAA&so=i&pg=5&offset=16&total=285&so_medium=Internal&so_source=JobSearch&q=javascript&r=true
Fullstack Engineer,"Vouched
                ",https://stackoverflow.com/jobs/435257/fullstack-engineer-vouched?a=2lYfcWGG5rbO&so=i&pg=5&offset=17&total=285&so_medium=Internal&so_source=JobSearch&q=javascript&r=true
Senior Software Engineer who likes Microservices - not Micromanagement,"Praetorian Cybersecurity
                        via
Uplink Software Solutions                ",https://stackoverflow.com/jobs/421102/senior-software-engineer-who-likes-microservices-praetorian-cybersecurity?a=2hdVaEZf4kHm&so=i&pg=5&offset=18&total=285&so_medium=Internal&so_source=JobSearch&q=javascript&r=true
"Full Stack Engineer - Remote, USA ONLY","SocialChorus
                ",https://stackoverflow.com/jobs/371379/full-stack-engineer-remote-usa-only-socialchorus?a=20y2lGO3y9Nu&so=i&pg=5&offset=19&total=285&so_medium=Internal&so_source=JobSearch&q=javascript&r=true
"Senior Data Engineer, WooCommerce (remote)","Automattic
                ",https://stackoverflow.com/jobs/439709/senior-data-engineer-woocommerce-remote-automattic?a=2nsOxB97Tlug&so=i&pg=5&offset=20&total=285&so_medium=Internal&so_source=JobSearch&q=javascript&r=true
Expert React Developer,"OnePak Inc
                ",https://stackoverflow.com/jobs/467318/expert-react-developer-onepak-inc?a=2wISULEEWTYI&so=i&pg=5&offset=21&total=285&so_medium=Internal&so_source=JobSearch&q=javascript&r=true
"Sr. React Engineer, Digital Consumer Products (North & South America Only)","Superformula
                ",https://stackoverflow.com/jobs/461414/sr-react-engineer-digital-consumer-products-superformula?a=2uK7SUBWaNDq&so=i&pg=5&offset=22&total=285&so_medium=Internal&so_source=JobSearch&q=javascript&r=true
Sales Engineer,"You.i TV
                ",https://stackoverflow.com/jobs/445397/sales-engineer-youi-tv?a=2pn5h2gTCe2c&so=i&pg=5&offset=23&total=285&so_medium=Internal&so_source=JobSearch&q=javascript&r=true
Software Engineering Manager,"Coder
                ",https://stackoverflow.com/jobs/450403/software-engineering-manager-coder?a=2r3aXGUS8leE&so=i&pg=5&offset=24&total=285&so_medium=Internal&so_source=JobSearch&q=javascript&r=true
Full Stack .Net Web Developer,"KiteString Technical Services, formerly LJSA.
                ",https://stackoverflow.com/jobs/472398/full-stack-net-web-developer-kitestring-technical-services?a=2yqw058t7EkM&so=i&pg=6&offset=0&total=285&so_medium=Internal&so_source=JobSearch&q=javascript&r=true
Fullstack Engineer,"Roon Labs LLC
                ",https://stackoverflow.com/jobs/393281/fullstack-engineer-roon-labs-llc?a=27TruNdAMAFy&so=i&pg=6&offset=1&total=285&so_medium=Internal&so_source=JobSearch&q=javascript&r=true
Senior Front-End ReactJS Developer,"Contrast Security
                ",https://stackoverflow.com/jobs/473474/senior-front-end-reactjs-developer-contrast-security?a=2yMSYqolzFf2&so=i&pg=6&offset=2&total=285&so_medium=Internal&so_source=JobSearch&q=javascript&r=true
Front-End Drupal Developer,"Interpersonal Frequency
                ",https://stackoverflow.com/jobs/465218/front-end-drupal-developer-interpersonal-frequency?a=2w1dGlyg8sfK&so=i&pg=6&offset=3&total=285&so_medium=Internal&so_source=JobSearch&q=javascript&r=true
Senior Frontend Engineer,"Eezy, LLC
                ",https://stackoverflow.com/jobs/417818/senior-frontend-engineer-eezy-llc?a=2g7DzHvvLN1C&so=i&pg=6&offset=4&total=285&so_medium=Internal&so_source=JobSearch&q=javascript&r=true
Senior Full Stack Engineer,"Scanifly
                ",https://stackoverflow.com/jobs/458085/senior-full-stack-engineer-scanifly?a=2tCU7d4FnVFm&so=i&pg=6&offset=5&total=285&so_medium=Internal&so_source=JobSearch&q=javascript&r=true
Software Development Engineer in Test,"SDVI
                ",https://stackoverflow.com/jobs/219487/software-development-engineer-in-test-sdvi?a=1bBLFjE41up2&so=i&pg=6&offset=6&total=285&so_medium=Internal&so_source=JobSearch&q=javascript&r=true
Senior Java & Web developer (remote),"Spider Strategies
                ",https://stackoverflow.com/jobs/434230/senior-java-web-developer-remote-spider-strategies?a=2lCTf4HRh8Ji&so=i&pg=6&offset=7&total=285&so_medium=Internal&so_source=JobSearch&q=javascript&r=true
Senior Full Stack Engineer - Location Flexible,"Volusion, LLC
                ",https://stackoverflow.com/jobs/443229/senior-full-stack-engineer-location-flexible-volusion-llc?a=2oE0nwtToaGs&so=i&pg=6&offset=8&total=285&so_medium=Internal&so_source=JobSearch&q=javascript&r=true
Drupal Developer with React Experience,"Accella
                ",https://stackoverflow.com/jobs/458246/drupal-developer-with-react-experience-accella?a=2tGfFAzkypu8&so=i&pg=6&offset=9&total=285&so_medium=Internal&so_source=JobSearch&q=javascript&r=true
Experienced React Frontend Engineer,"Well Health Inc.
                ",https://stackoverflow.com/jobs/471363/experienced-react-frontend-engineer-well-health-inc?a=2y4ZyNw1El6E&so=i&pg=6&offset=10&total=285&so_medium=Internal&so_source=JobSearch&q=javascript&r=true
Fully remote Sr. Frontend Engineer (React) - Community.com,"Community.com
                        via
Source Coders                ",https://stackoverflow.com/jobs/463328/fully-remote-sr-frontend-engineer-react-communitycom?a=2vnVaLETNQTS&so=i&pg=6&offset=11&total=285&so_medium=Internal&so_source=JobSearch&q=javascript&r=true
Frontend Engineer,"GridUnity, Inc
                ",https://stackoverflow.com/jobs/400405/frontend-engineer-gridunity-inc?a=2ahzszYlaA0M&so=i&pg=6&offset=12&total=285&so_medium=Internal&so_source=JobSearch&q=javascript&r=true
"Director of Engineering (Full Stack); Leader, Mentor, Partner - work with us!","Remixd Media
                ",https://stackoverflow.com/jobs/455957/director-of-engineering-full-stack-leader-remixd-media?a=2sUEMOhc6HCM&so=i&pg=6&offset=13&total=285&so_medium=Internal&so_source=JobSearch&q=javascript&r=true
Geospatial Developer,"Geographic Information Services, Inc.
                ",https://stackoverflow.com/jobs/22075/geospatial-developer-geographic-information?a=7p0kBDZ3pew&so=i&pg=6&offset=14&total=285&so_medium=Internal&so_source=JobSearch&q=javascript&r=true
Expert React Developer,"OnePak Inc
                ",https://stackoverflow.com/jobs/467318/expert-react-developer-onepak-inc?a=2wISULEEWTYI&so=i&pg=6&offset=15&total=285&so_medium=Internal&so_source=JobSearch&q=javascript&r=true
Full-Stack .NET Developer,"CyrusOne Management Services LLC.
                ",https://stackoverflow.com/jobs/472558/full-stack-net-developer-cyrusone-management-services?a=2ytQ6xFhfjsQ&so=i&pg=6&offset=16&total=285&so_medium=Internal&so_source=JobSearch&q=javascript&r=true
"Sr. React Engineer, Digital Consumer Products (North & South America Only)","Superformula
                ",https://stackoverflow.com/jobs/461414/sr-react-engineer-digital-consumer-products-superformula?a=2uK7SUBWaNDq&so=i&pg=6&offset=17&total=285&so_medium=Internal&so_source=JobSearch&q=javascript&r=true
Senior Backend Software Engineer,"Pie Insurance Holdings, Inc.
                ",https://stackoverflow.com/jobs/466237/senior-backend-software-engineer-pie-insurance-holdings-inc?a=2wmpkNkLXo3e&so=i&pg=6&offset=18&total=285&so_medium=Internal&so_source=JobSearch&q=javascript&r=true
Sales Engineer,"You.i TV
                ",https://stackoverflow.com/jobs/445397/sales-engineer-youi-tv?a=2pn5h2gTCe2c&so=i&pg=6&offset=19&total=285&so_medium=Internal&so_source=JobSearch&q=javascript&r=true
Principal Cloud Architect,"UKG (Ultimate Kronos Group)
                ",https://stackoverflow.com/jobs/456575/principal-cloud-architect-ukg-ultimate-kronos-group?a=2t7vucBR4bKw&so=i&pg=6&offset=20&total=285&so_medium=Internal&so_source=JobSearch&q=javascript&r=true
Senior Software Security Engineer,"ShapeShift
                ",https://stackoverflow.com/jobs/428736/senior-software-security-engineer-shapeshift?a=2jMELCPPJ1iU&so=i&pg=6&offset=21&total=285&so_medium=Internal&so_source=JobSearch&q=javascript&r=true
Senior Front End Engineer UI/UX,"GridUnity, Inc
                ",https://stackoverflow.com/jobs/472039/senior-front-end-engineer-ui-ux-gridunity-inc?a=2yj320hUhJ1S&so=i&pg=6&offset=22&total=285&so_medium=Internal&so_source=JobSearch&q=javascript&r=true
Senior Frontend Engineer,"ThreatConnect, Inc.
                ",https://stackoverflow.com/jobs/467785/senior-frontend-engineer-threatconnect-inc?a=2wSAX3K2tC6Y&so=i&pg=6&offset=23&total=285&so_medium=Internal&so_source=JobSearch&q=javascript&r=true
"Senior Frontend Developer, Microsoft","Tempo Software
                ",https://stackoverflow.com/jobs/453561/senior-frontend-developer-microsoft-tempo-software?a=2s6PXKPsFJpC&so=i&pg=6&offset=24&total=285&so_medium=Internal&so_source=JobSearch&q=javascript&r=true
Senior Software Security Engineer,"ShapeShift
                ",https://stackoverflow.com/jobs/428736/senior-software-security-engineer-shapeshift?a=2jMELCPPJ1kY&so=i&pg=7&offset=0&total=285&so_medium=Internal&so_source=JobSearch&q=javascript&r=true
Senior Full Stack Developer (.NET/C#),"REPAY
                ",https://stackoverflow.com/jobs/374608/senior-full-stack-developer-net-c-sharp-repay?a=21DbcBRuXXuE&so=i&pg=7&offset=1&total=285&so_medium=Internal&so_source=JobSearch&q=javascript&r=true
Software Development Engineer in Test,"SDVI
                ",https://stackoverflow.com/jobs/219487/software-development-engineer-in-test-sdvi?a=1bBLFjE41up2&so=i&pg=7&offset=2&total=285&so_medium=Internal&so_source=JobSearch&q=javascript&r=true
Senior Frontend Engineer,"ThreatConnect, Inc.
                ",https://stackoverflow.com/jobs/467785/senior-frontend-engineer-threatconnect-inc?a=2wSAX3K2tC6Y&so=i&pg=7&offset=3&total=285&so_medium=Internal&so_source=JobSearch&q=javascript&r=true
Senior Java & Web developer (remote),"Spider Strategies
                ",https://stackoverflow.com/jobs/434230/senior-java-web-developer-remote-spider-strategies?a=2lCTf4HRh8Ji&so=i&pg=7&offset=4&total=285&so_medium=Internal&so_source=JobSearch&q=javascript&r=true
Senior Technical Product Manager,"Jack Henry & Associates, Inc.速
                ",https://stackoverflow.com/jobs/474188/senior-technical-product-manager-jack-henry-associates-inc?a=2z1JASy05bnG&so=i&pg=7&offset=5&total=285&so_medium=Internal&so_source=JobSearch&q=javascript&r=true
Software Test Engineer for a virtual team,"GLOBAL APPCASTING AB
                ",https://stackoverflow.com/jobs/469168/software-test-engineer-for-a-virtual-team-global-appcasting-ab?a=2xllReyukG1q&so=i&pg=7&offset=6&total=285&so_medium=Internal&so_source=JobSearch&q=javascript&r=true
"Senior Frontend Developer, Microsoft","Tempo Software
                ",https://stackoverflow.com/jobs/453561/senior-frontend-developer-microsoft-tempo-software?a=2s6PXKPsFJpC&so=i&pg=7&offset=7&total=285&so_medium=Internal&so_source=JobSearch&q=javascript&r=true
"Software Engineer, Back-end","Pie Insurance Holdings, Inc.
                ",https://stackoverflow.com/jobs/466239/software-engineer-back-end-pie-insurance-holdings-inc?a=2wmrUEnQHJdu&so=i&pg=7&offset=8&total=285&so_medium=Internal&so_source=JobSearch&q=javascript&r=true
Golang/React Engineer (Remote),"X-Team
                ",https://stackoverflow.com/jobs/469783/golang-react-engineer-remote-x-team?a=2xy8GQjxaEoM&so=i&pg=7&offset=9&total=285&so_medium=Internal&so_source=JobSearch&q=javascript&r=true
Senior Java Developer Who Loves Puzzles,"O'Reilly Auto Parts
                ",https://stackoverflow.com/jobs/468963/senior-java-developer-who-loves-puzzles-oreilly-auto-parts?a=2xh5K1psokDu&so=i&pg=7&offset=10&total=285&so_medium=Internal&so_source=JobSearch&q=javascript&r=true
Senior Angular Developer With iGaming Experience,"Lootie
                ",https://stackoverflow.com/jobs/450261/senior-angular-developer-with-igaming-experience-lootie?a=2r0dJWX7ospO&so=i&pg=7&offset=11&total=285&so_medium=Internal&so_source=JobSearch&q=javascript&r=true
API and Database Developer for company supporting Ethical Compliance,"Ethisphere
                ",https://stackoverflow.com/jobs/461325/api-and-database-developer-for-company-supporting-ethisphere?a=2uIgZlsIeXHq&so=i&pg=7&offset=12&total=285&so_medium=Internal&so_source=JobSearch&q=javascript&r=true
Senior Front End Engineer UI/UX,"GridUnity, Inc
                ",https://stackoverflow.com/jobs/472039/senior-front-end-engineer-ui-ux-gridunity-inc?a=2yj320hUhJ1S&so=i&pg=7&offset=13&total=285&so_medium=Internal&so_source=JobSearch&q=javascript&r=true
"Principal Front-End Engineer, Tech Lead (Angular)","Unanet, Inc.
                ",https://stackoverflow.com/jobs/467325/principal-front-end-engineer-tech-lead-angular-unanet-inc?a=2wJ1Wgkqz63C&so=i&pg=7&offset=14&total=285&so_medium=Internal&so_source=JobSearch&q=javascript&r=true
UX-UI Designer,"Ridgeline International, Inc.
                ",https://stackoverflow.com/jobs/456832/ux-ui-designer-ridgeline-international-inc?a=2tcQNEuc73vG&so=i&pg=7&offset=15&total=285&so_medium=Internal&so_source=JobSearch&q=javascript&r=true
Senior UI/UX Designer,"Files.com
                ",https://stackoverflow.com/jobs/445661/senior-ui-ux-designer-filescom?a=2pszBYP0hhSg&so=i&pg=7&offset=16&total=285&so_medium=Internal&so_source=JobSearch&q=javascript&r=true
Write some consumer facing Java code!,"O'Reilly Auto Parts
                ",https://stackoverflow.com/jobs/466240/write-some-consumer-facing-java-code-oreilly-auto-parts?a=2wmtczUo4TNC&so=i&pg=7&offset=17&total=285&so_medium=Internal&so_source=JobSearch&q=javascript&r=true
Mid-Level Front-end Responsive Developer,"Graphic Language
                ",https://stackoverflow.com/jobs/418286/mid-level-front-end-responsive-developer-graphic-language?a=2ghmTV7qFFK0&so=i&pg=7&offset=18&total=285&so_medium=Internal&so_source=JobSearch&q=javascript&r=true
Backend Software Engineer (Node.js) - REMOTE,"SemanticBits
                ",https://stackoverflow.com/jobs/433581/backend-software-engineer-nodejs-remote-semanticbits?a=2lpozV6vJmxy&so=i&pg=7&offset=19&total=285&so_medium=Internal&so_source=JobSearch&q=javascript&r=true
Sr. React Product Developer,"Dealer Inspire
                ",https://stackoverflow.com/jobs/457619/sr-react-product-developer-dealer-inspire?a=2ttdmQvPeo7e&so=i&pg=7&offset=20&total=285&so_medium=Internal&so_source=JobSearch&q=javascript&r=true
Senior Full-Stack Engineer (Vue/Node),"Wisely
                ",https://stackoverflow.com/jobs/405895/senior-full-stack-engineer-vue-node-wisely?a=2c7IWjbwTFba&so=i&pg=7&offset=21&total=285&so_medium=Internal&so_source=JobSearch&q=javascript&r=true
Developer Advocate - Global Health Data Platform,"DHIS2
                ",https://stackoverflow.com/jobs/450804/developer-advocate-global-health-data-platform-dhis2?a=2rbvKKVpk8PS&so=i&pg=7&offset=22&total=285&so_medium=Internal&so_source=JobSearch&q=javascript&r=true
Senior Software Engineer- REMOTE,"DMG
                ",https://stackoverflow.com/jobs/293234/senior-software-engineer-remote-dmg?a=1AlbedT1OiIM&so=i&pg=7&offset=23&total=285&so_medium=Internal&so_source=JobSearch&q=javascript&r=true
Developer Advocate,"Arweave
                ",https://stackoverflow.com/jobs/455925/developer-advocate-arweave?a=2sTZx7tY9eYE&so=i&pg=7&offset=24&total=285&so_medium=Internal&so_source=JobSearch&q=javascript&r=true
AEM Architect,"Railroad19
                ",https://stackoverflow.com/jobs/468540/aem-architect-railroad19?a=2x8iqypLj8aY&so=i&pg=8&offset=0&total=285&so_medium=Internal&so_source=JobSearch&q=javascript&r=true
Full Stack Software Engineer (Remote),"TMP Worldwide
                ",https://stackoverflow.com/jobs/445283/full-stack-software-engineer-remote-tmp-worldwide?a=2pkIjgrx0LBu&so=i&pg=8&offset=1&total=285&so_medium=Internal&so_source=JobSearch&q=javascript&r=true
Software Engineering Manager (Cloud Applications),"Jack Henry & Associates, Inc.速
                ",https://stackoverflow.com/jobs/443597/software-engineering-manager-cloud-applications-jack-henry-associates-inc?a=2oLEWX3iADcs&so=i&pg=8&offset=2&total=285&so_medium=Internal&so_source=JobSearch&q=javascript&r=true
Director of Engineering,"High Alpha
                        via
High Alpha Studio, LLC.                ",https://stackoverflow.com/jobs/458613/director-of-engineering-high-alpha?a=2tNSN6aSI3lu&so=i&pg=8&offset=3&total=285&so_medium=Internal&so_source=JobSearch&q=javascript&r=true
Technical Product Support Engineer (Remote),"Olive AI
                ",https://stackoverflow.com/jobs/410488/technical-product-support-engineer-remote-olive-ai?a=2dFe2MDSoDDO&so=i&pg=8&offset=4&total=285&so_medium=Internal&so_source=JobSearch&q=javascript&r=true
Experienced Full-stack Rails Developer,"BloodHub
                ",https://stackoverflow.com/jobs/145818/experienced-full-stack-rails-developer-bloodhub?a=MTYuMTLIlsQ&so=i&pg=8&offset=5&total=285&so_medium=Internal&so_source=JobSearch&q=javascript&r=true
"Senior Backend Engineer, API/Platform (Java)","Unanet, Inc.
                ",https://stackoverflow.com/jobs/467328/senior-backend-engineer-api-platform-java-unanet-inc?a=2wJ5O2U2GBO0&so=i&pg=8&offset=6&total=285&so_medium=Internal&so_source=JobSearch&q=javascript&r=true
Senior Backend Generalist,"Revl, Inc.
                ",https://stackoverflow.com/jobs/199459/senior-backend-generalist-revl-inc?a=14TkoWJh8VyM&so=i&pg=8&offset=7&total=285&so_medium=Internal&so_source=JobSearch&q=javascript&r=true
SAFe Program Manager,"Jack Henry & Associates, Inc.速
                ",https://stackoverflow.com/jobs/465813/safe-program-manager-jack-henry-associates-inc?a=2wdATofRaF32&so=i&pg=8&offset=8&total=285&so_medium=Internal&so_source=JobSearch&q=javascript&r=true
Senior Technical Analyst and Software Project Manager,"MapLarge
                ",https://stackoverflow.com/jobs/466545/senior-technical-analyst-and-software-project-maplarge?a=2wsOoyYz3XwY&so=i&pg=8&offset=9&total=285&so_medium=Internal&so_source=JobSearch&q=javascript&r=true
Full Stack C# .NET Developer,"Academica Virtual Education LLC
                ",https://stackoverflow.com/jobs/447558/full-stack-c-sharp-net-developer-academica-virtual-education?a=2q6193o8e5j2&so=i&pg=8&offset=10&total=285&so_medium=Internal&so_source=JobSearch&q=javascript&r=true
Lead Application Developer / Technical Project Manager,"MapLarge
                ",https://stackoverflow.com/jobs/160721/lead-application-developer-technical-project-maplarge?a=RTQP59Qh7PO&so=i&pg=8&offset=11&total=285&so_medium=Internal&so_source=JobSearch&q=javascript&r=true
Full-Stack Software Engineer,"Strata Oncology
                ",https://stackoverflow.com/jobs/371127/full-stack-software-engineer-strata-oncology?a=20sNDRZJ2N1u&so=i&pg=8&offset=12&total=285&so_medium=Internal&so_source=JobSearch&q=javascript&r=true
Lead Full-Stack Web Developer,"Evercast
                ",https://stackoverflow.com/jobs/462521/lead-full-stack-web-developer-evercast?a=2v78P18vd6DK&so=i&pg=8&offset=13&total=285&so_medium=Internal&so_source=JobSearch&q=javascript&r=true
Site Reliability Engineer (SRE),"Quadpay
                ",https://stackoverflow.com/jobs/415843/site-reliability-engineer-sre-quadpay?a=2fszug0oFG8M&so=i&pg=8&offset=14&total=285&so_medium=Internal&so_source=JobSearch&q=javascript&r=true
React Native Developer,"BairesDev LLC
                ",https://stackoverflow.com/jobs/471598/react-native-developer-bairesdev-llc?a=2y9SvPQwts2Y&so=i&pg=8&offset=15&total=285&so_medium=Internal&so_source=JobSearch&q=javascript&r=true
React Developer,"BairesDev LLC
                ",https://stackoverflow.com/jobs/471588/react-developer-bairesdev-llc?a=2y9FCyB8JKdG&so=i&pg=8&offset=16&total=285&so_medium=Internal&so_source=JobSearch&q=javascript&r=true
Front-End Wordpress Web Developer,"Blacksmith Agency
                ",https://stackoverflow.com/jobs/436336/front-end-wordpress-web-developer-blacksmith-agency?a=2mkGd3XukBX2&so=i&pg=8&offset=17&total=285&so_medium=Internal&so_source=JobSearch&q=javascript&r=true
Softwareentwickler - C# (m/w/d),"Hahn Softwareentwicklung
                ",https://stackoverflow.com/jobs/338764/softwareentwickler-c-sharp-m-w-d-hahn-softwareentwicklung?a=1PBSBQxbjMfC&so=i&pg=8&offset=18&total=285&so_medium=Internal&so_source=JobSearch&q=javascript&r=true
"Senior Software Engineer, Front-end Focused","Radix DLT
                ",https://stackoverflow.com/jobs/465700/senior-software-engineer-front-end-focused-radix-dlt?a=2wbf3yvIgJ7W&so=i&pg=8&offset=19&total=285&so_medium=Internal&so_source=JobSearch&q=javascript&r=true
"Senior Full stack Engineer (React, Node.js) - Remote","SemanticBits
                ",https://stackoverflow.com/jobs/439238/senior-full-stack-engineer-react-nodejs-semanticbits?a=2nj1lAXARX1u&so=i&pg=8&offset=20&total=285&so_medium=Internal&so_source=JobSearch&q=javascript&r=true
Full Stack Engineer,"Octane AI
                ",https://stackoverflow.com/jobs/472431/full-stack-engineer-octane-ai?a=2yrcnI0UMDss&so=i&pg=8&offset=21&total=285&so_medium=Internal&so_source=JobSearch&q=javascript&r=true
.NET Developer,"BairesDev LLC
                ",https://stackoverflow.com/jobs/471613/net-developer-bairesdev-llc?a=2yabQKIB50MU&so=i&pg=8&offset=22&total=285&so_medium=Internal&so_source=JobSearch&q=javascript&r=true
Ruby On Rails Developer,"BairesDev LLC
                ",https://stackoverflow.com/jobs/471597/ruby-on-rails-developer-bairesdev-llc?a=2y9RdUjZ6hsQ&so=i&pg=8&offset=23&total=285&so_medium=Internal&so_source=JobSearch&q=javascript&r=true
Senior Software Engineer Rails/Elm/React,"HubTran Inc.
                ",https://stackoverflow.com/jobs/410103/senior-software-engineer-rails-elm-react-hubtran-inc?a=2dxdIzADvVi8&so=i&pg=8&offset=24&total=285&so_medium=Internal&so_source=JobSearch&q=javascript&r=true
Software Developer (Capital Markets exp.),"Compliance Solutions Strategies
                ",https://stackoverflow.com/jobs/471793/software-developer-capital-markets-exp-compliance-solutions?a=2ydW3KCO1nMI&so=i&pg=9&offset=0&total=285&so_medium=Internal&so_source=JobSearch&q=javascript&r=true
Softwareentwickler - C# (m/w/d),"Hahn Softwareentwicklung
                ",https://stackoverflow.com/jobs/338764/softwareentwickler-c-sharp-m-w-d-hahn-softwareentwicklung?a=1PBSBQxbjMfC&so=i&pg=9&offset=1&total=285&so_medium=Internal&so_source=JobSearch&q=javascript&r=true
"Software Engineer (Remote Only, US)","Osso VR
                ",https://stackoverflow.com/jobs/462304/software-engineer-remote-only-us-osso-vr?a=2v2D4GfH74bK&so=i&pg=9&offset=2&total=285&so_medium=Internal&so_source=JobSearch&q=javascript&r=true
"Senior Software Engineer, Front-end Focused","Radix DLT
                ",https://stackoverflow.com/jobs/465700/senior-software-engineer-front-end-focused-radix-dlt?a=2wbf3yvIgJ7W&so=i&pg=9&offset=3&total=285&so_medium=Internal&so_source=JobSearch&q=javascript&r=true
Full-Stack ColdFusion Web Developer (U.S. Remote or Chicago),"Alpine Home Air Products
                ",https://stackoverflow.com/jobs/472560/full-stack-coldfusion-web-developer-us-remote-alpine-home-air-products?a=2ytSGoIlZED6&so=i&pg=9&offset=4&total=285&so_medium=Internal&so_source=JobSearch&q=javascript&r=true
PHP Developer,"BairesDev LLC
                ",https://stackoverflow.com/jobs/471602/php-developer-bairesdev-llc?a=2y9XFxWFY8nu&so=i&pg=9&offset=5&total=285&so_medium=Internal&so_source=JobSearch&q=javascript&r=true
Senior Software Engineer,"Wikimedia Foundation, Inc.
                ",https://stackoverflow.com/jobs/469401/senior-software-engineer-wikimedia-foundation-inc?a=2xqcepPUprNu&so=i&pg=9&offset=6&total=285&so_medium=Internal&so_source=JobSearch&q=javascript&r=true
Software Engineering Lead,"Studio Science
                ",https://stackoverflow.com/jobs/424991/software-engineering-lead-studio-science?a=2iwMHWYDt8Va&so=i&pg=9&offset=7&total=285&so_medium=Internal&so_source=JobSearch&q=javascript&r=true
"Software Engineer, Customer Success","Auth0
                ",https://stackoverflow.com/jobs/468980/software-engineer-customer-success-auth0?a=2xhruNTi4Ata&so=i&pg=9&offset=8&total=285&so_medium=Internal&so_source=JobSearch&q=javascript&r=true
Senior Site Reliability Engineer in FL (remote flexibility),"UKG (Ultimate Kronos Group)
                ",https://stackoverflow.com/jobs/465819/senior-site-reliability-engineer-in-fl-remote-ukg-ultimate-kronos-group?a=2wdIsXXLK2ti&so=i&pg=9&offset=9&total=285&so_medium=Internal&so_source=JobSearch&q=javascript&r=true
"Senior Systems Engineer, Data Services","Olo
                ",https://stackoverflow.com/jobs/295293/senior-systems-engineer-data-services-olo?a=1B1ZrC22D6tW&so=i&pg=9&offset=10&total=285&so_medium=Internal&so_source=JobSearch&q=javascript&r=true
Blockchain Developer,"IOVLABS
                ",https://stackoverflow.com/jobs/460979/blockchain-developer-iovlabs?a=2uB4WjSsVU4M&so=i&pg=9&offset=11&total=285&so_medium=Internal&so_source=JobSearch&q=javascript&r=true
Software Engineer,"Ascensus
                ",https://stackoverflow.com/jobs/465924/software-engineer-ascensus?a=2wfTPo4hYXEQ&so=i&pg=9&offset=12&total=285&so_medium=Internal&so_source=JobSearch&q=javascript&r=true
Senior Full Stack Engineer,"Kea
                ",https://stackoverflow.com/jobs/441532/senior-full-stack-engineer-kea?a=2o4IQ0jJR9S0&so=i&pg=9&offset=13&total=285&so_medium=Internal&so_source=JobSearch&q=javascript&r=true
Lead Security Engineer,"Balena
                ",https://stackoverflow.com/jobs/427691/lead-security-engineer-balena?a=2jqVr3Y0w0hy&so=i&pg=9&offset=14&total=285&so_medium=Internal&so_source=JobSearch&q=javascript&r=true
Senior Backend Engineer - Location Flexible,"Volusion, LLC
                ",https://stackoverflow.com/jobs/443231/senior-backend-engineer-location-flexible-volusion-llc?a=2oE2XnwY8vQI&so=i&pg=9&offset=15&total=285&so_medium=Internal&so_source=JobSearch&q=javascript&r=true
Senior Mobile Android / iOS Application Developer with .Net Experience,"MapLarge
                ",https://stackoverflow.com/jobs/443243/senior-mobile-android-ios-application-developer-maplarge?a=2oEiAvgKicUM&so=i&pg=9&offset=16&total=285&so_medium=Internal&so_source=JobSearch&q=javascript&r=true
Backend Engineer and Architect,"Passio Inc.
                ",https://stackoverflow.com/jobs/472790/backend-engineer-and-architect-passio-inc?a=2yyFbNq9WUEM&so=i&pg=9&offset=17&total=285&so_medium=Internal&so_source=JobSearch&q=javascript&r=true
Senior Backend Engineer,"Avail
                ",https://stackoverflow.com/jobs/468501/senior-backend-engineer-avail?a=2x7u9mWLJtpS&so=i&pg=9&offset=18&total=285&so_medium=Internal&so_source=JobSearch&q=javascript&r=true
QA Engineer for EdTech company - Remote,"MobyMax
                ",https://stackoverflow.com/jobs/463165/qa-engineer-for-edtech-company-remote-mobymax?a=2vkx2x79T1UQ&so=i&pg=9&offset=19&total=285&so_medium=Internal&so_source=JobSearch&q=javascript&r=true
Engineering Team Lead - with a passion for building fun and effective teams,"Simplero
                ",https://stackoverflow.com/jobs/458254/engineering-team-lead-with-a-passion-for-simplero?a=2tGpZ0LDxM9a&so=i&pg=9&offset=20&total=285&so_medium=Internal&so_source=JobSearch&q=javascript&r=true
Software Developer III - Remote,"GPM, Corp.
                ",https://stackoverflow.com/jobs/423546/software-developer-iii-remote-gpm-corp?a=2i2K2f4878Xe&so=i&pg=9&offset=21&total=285&so_medium=Internal&so_source=JobSearch&q=javascript&r=true
Senior Cloud Native Java Developer (Remote United States),"Railroad19
                ",https://stackoverflow.com/jobs/455418/senior-cloud-native-java-developer-remote-united-railroad19?a=2sJs5HQnllBK&so=i&pg=9&offset=22&total=285&so_medium=Internal&so_source=JobSearch&q=javascript&r=true
Full Stack Rails developer (n.) Superhero poised to change the world,"Simplero
                ",https://stackoverflow.com/jobs/458255/full-stack-rails-developer-n-superhero-poised-simplero?a=2tGrgWiaUWJi&so=i&pg=9&offset=23&total=285&so_medium=Internal&so_source=JobSearch&q=javascript&r=true
UX Designer,"Scientist.com
                ",https://stackoverflow.com/jobs/471353/ux-designer-scientistcom?a=2y4MPvHXAhlS&so=i&pg=9&offset=24&total=285&so_medium=Internal&so_source=JobSearch&q=javascript&r=true
"Genesys Cloud Engineer (PureCloud Admin, k8s, Python, TypeScript, REST API)","EverQuote Inc.
                ",https://stackoverflow.com/jobs/471606/genesys-cloud-engineer-purecloud-admin-k8s-everquote-inc?a=2ya2Zfu98sOA&so=i&pg=10&offset=0&total=285&so_medium=Internal&so_source=JobSearch&q=javascript&r=true
Software Developer (Capital Markets exp.),"Compliance Solutions Strategies
                ",https://stackoverflow.com/jobs/471793/software-developer-capital-markets-exp-compliance-solutions?a=2ydW3KCO1nKE&so=i&pg=10&offset=1&total=285&so_medium=Internal&so_source=JobSearch&q=javascript&r=true
Senior Software Engineer in Test,"Olo
                ",https://stackoverflow.com/jobs/410719/senior-software-engineer-in-test-olo?a=2dK1Q6SdJ4fC&so=i&pg=10&offset=2&total=285&so_medium=Internal&so_source=JobSearch&q=javascript&r=true
Engineering Team Lead - with a passion for building fun and effective teams,"Simplero
                ",https://stackoverflow.com/jobs/458254/engineering-team-lead-with-a-passion-for-simplero?a=2tGpZ0LDxM9a&so=i&pg=10&offset=3&total=285&so_medium=Internal&so_source=JobSearch&q=javascript&r=true
Site Reliability Engineer at interactive Benefits Communications SaaS Platform,"The Jellyvision Lab Inc.
                ",https://stackoverflow.com/jobs/474787/site-reliability-engineer-at-interactive-benefits-the-jellyvision-lab-inc?a=2zebDEt7gMms&so=i&pg=10&offset=4&total=285&so_medium=Internal&so_source=JobSearch&q=javascript&r=true
React Native Developer,"Passio Inc.
                ",https://stackoverflow.com/jobs/472791/react-native-developer-passio-inc?a=2yyGtIWHk5eU&so=i&pg=10&offset=5&total=285&so_medium=Internal&so_source=JobSearch&q=javascript&r=true
Senior Software Development Engineer,"Levelset
                ",https://stackoverflow.com/jobs/469148/senior-software-development-engineer-levelset?a=2xkW4G3IRgmQ&so=i&pg=10&offset=6&total=285&so_medium=Internal&so_source=JobSearch&q=javascript&r=true
Full Stack Developer,"Documate
                ",https://stackoverflow.com/jobs/408184/full-stack-developer-documate?a=2cTjP5tFln2w&so=i&pg=10&offset=7&total=285&so_medium=Internal&so_source=JobSearch&q=javascript&r=true
Sr Software Integration Engineer,"Carex Consulting Group
                        via
Carex Consulting Group                ",https://stackoverflow.com/jobs/466486/sr-software-integration-engineer-carex-consulting-group?a=2wrAkP0O0T9m&so=i&pg=10&offset=8&total=285&so_medium=Internal&so_source=JobSearch&q=javascript&r=true
IoT Embedded Device Builder with Mobile and Full Stack Experience,"MapLarge
                ",https://stackoverflow.com/jobs/405863/iot-embedded-device-builder-with-mobile-and-full-maplarge?a=2c73QBPCBQBy&so=i&pg=10&offset=9&total=285&so_medium=Internal&so_source=JobSearch&q=javascript&r=true
Full Stack Developer (Angular) - Remote or Los Angeles,"Urban Insight
                ",https://stackoverflow.com/jobs/471580/full-stack-developer-angular-remote-or-los-urban-insight?a=2y9vj8oPKnyE&so=i&pg=10&offset=10&total=285&so_medium=Internal&so_source=JobSearch&q=javascript&r=true
"Developer / Junior Developer, Tier 2 Support Engineer","OutMatch
                ",https://stackoverflow.com/jobs/457041/developer-junior-developer-tier-2-support-outmatch?a=2thcezaHdJiE&so=i&pg=10&offset=11&total=285&so_medium=Internal&so_source=JobSearch&q=javascript&r=true
Machine Learning Engineer,"Radical Convergence
                ",https://stackoverflow.com/jobs/466798/machine-learning-engineer-radical-convergence?a=2wy4yiKKC8XC&so=i&pg=10&offset=12&total=285&so_medium=Internal&so_source=JobSearch&q=javascript&r=true
Senior Software Engineer - Frontend/Fullstack,"Rollbar
                ",https://stackoverflow.com/jobs/454577/senior-software-engineer-frontend-fullstack-rollbar?a=2srXKq2mn9sI&so=i&pg=10&offset=13&total=285&so_medium=Internal&so_source=JobSearch&q=javascript&r=true
"Senior software engineer (Typescript, Nextjs, Python, Docker/k8s, Kafka, AWS)","EverQuote Inc.
                ",https://stackoverflow.com/jobs/385234/senior-software-engineer-typescript-nextjs-everquote-inc?a=25c7NCvk7HxK&so=i&pg=10&offset=14&total=285&so_medium=Internal&so_source=JobSearch&q=javascript&r=true
"Full Stack Developer - Java, ElasticSearch, GraphQL and ReactJS","Contrast Security
                ",https://stackoverflow.com/jobs/433598/full-stack-developer-java-elasticsearch-contrast-security?a=2lpKEGsYKUwg&so=i&pg=10&offset=15&total=285&so_medium=Internal&so_source=JobSearch&q=javascript&r=true
Java/AWS Developer (Remote - US only),"X-Team
                ",https://stackoverflow.com/jobs/467717/java-aws-developer-remote-us-only-x-team?a=2wRbhY3r40uc&so=i&pg=10&offset=16&total=285&so_medium=Internal&so_source=JobSearch&q=javascript&r=true
Senior DevOps Engineer,"Ascensus
                ",https://stackoverflow.com/jobs/469532/senior-devops-engineer-ascensus?a=2xsV6XAqmO8o&so=i&pg=10&offset=17&total=285&so_medium=Internal&so_source=JobSearch&q=javascript&r=true
Full Stack Technical Lead,"TMP Worldwide
                ",https://stackoverflow.com/jobs/445282/full-stack-technical-lead-tmp-worldwide?a=2pkH1kUZDB1m&so=i&pg=10&offset=18&total=285&so_medium=Internal&so_source=JobSearch&q=javascript&r=true
"Senior .NET Developer - C#, RESTful, Angular, React (Senior, Remote)","TopDevz
                ",https://stackoverflow.com/jobs/467800/senior-net-developer-c-sharp-restful-angular-topdevz?a=2wSUrY3qKOVq&so=i&pg=10&offset=19&total=285&so_medium=Internal&so_source=JobSearch&q=javascript&r=true
Senior full stack developer,"Parsage, Inc.
                ",https://stackoverflow.com/jobs/287875/senior-full-stack-developer-parsage-inc?a=1yxKt2Z2mVOM&so=i&pg=10&offset=20&total=285&so_medium=Internal&so_source=JobSearch&q=javascript&r=true
Senior Front End Application Developer,"Advent Health Partners
                ",https://stackoverflow.com/jobs/456551/senior-front-end-application-developer-advent-health-partners?a=2t70xW0W65Lq&so=i&pg=10&offset=21&total=285&so_medium=Internal&so_source=JobSearch&q=javascript&r=true
Senior Drupal Developer For Fast-Paced Consulting Company,"Portland Webworks, Inc.
                ",https://stackoverflow.com/jobs/273098/senior-drupal-developer-for-fast-paced-consulting-portland-webworks-inc?a=1tAuzEQMTES4&so=i&pg=10&offset=22&total=285&so_medium=Internal&so_source=JobSearch&q=javascript&r=true
Senior SRE/DevOps Engineer,"SWIMLANE INC
                ",https://stackoverflow.com/jobs/465991/senior-sre-devops-engineer-swimlane-inc?a=2whicyem1oHu&so=i&pg=10&offset=23&total=285&so_medium=Internal&so_source=JobSearch&q=javascript&r=true
Senior Front End Engineer,"Primer AI
                ",https://stackoverflow.com/jobs/424344/senior-front-end-engineer-primer-ai?a=2ijkCEqmFHTG&so=i&pg=10&offset=24&total=285&so_medium=Internal&so_source=JobSearch&q=javascript&r=true
Senior Software Engineer,"Cie
                ",https://stackoverflow.com/jobs/449510/senior-software-engineer-cie?a=2qKBK9gboUTu&so=i&pg=11&offset=0&total=285&so_medium=Internal&so_source=JobSearch&q=javascript&r=true
Senior DevOps Engineer Who Doesn't Love Containers,"Simplero
                ",https://stackoverflow.com/jobs/458253/senior-devops-engineer-who-doesnt-love-containers-simplero?a=2tGoH5f6aBz2&so=i&pg=11&offset=1&total=285&so_medium=Internal&so_source=JobSearch&q=javascript&r=true
Senior Level Creative WordPress Web Designer/Developer,"Jonroc
                ",https://stackoverflow.com/jobs/205178/senior-level-creative-wordpress-web-designer-jonroc?a=16OeW9GpMs6c&so=i&pg=11&offset=2&total=285&so_medium=Internal&so_source=JobSearch&q=javascript&r=true
Software Engineer III,"G2.com, Inc.
                ",https://stackoverflow.com/jobs/441173/software-engineer-iii-g2com-inc?a=2nXfRVtb1eBa&so=i&pg=11&offset=3&total=285&so_medium=Internal&so_source=JobSearch&q=javascript&r=true
Data Pipeline Engineer,"C Innovation Studio
                ",https://stackoverflow.com/jobs/474728/data-pipeline-engineer-c-innovation-studio?a=2zcXJTWFTm3m&so=i&pg=11&offset=4&total=285&so_medium=Internal&so_source=JobSearch&q=javascript&r=true
Sr. Software Engineer,"G2.com, Inc.
                ",https://stackoverflow.com/jobs/441172/sr-software-engineer-g2com-inc?a=2nXezZWDE412&so=i&pg=11&offset=5&total=285&so_medium=Internal&so_source=JobSearch&q=javascript&r=true
Mobile Applications Developer,"Market America / Shop.com
                ",https://stackoverflow.com/jobs/447980/mobile-applications-developer-market-america-shopcom?a=2qeNkAiBBLi0&so=i&pg=11&offset=6&total=285&so_medium=Internal&so_source=JobSearch&q=javascript&r=true
"Frontend Developer (fully remote, US only)","CoreCare
                ",https://stackoverflow.com/jobs/452679/frontend-developer-fully-remote-us-only-corecare?a=2rOuVpWH3brO&so=i&pg=11&offset=7&total=285&so_medium=Internal&so_source=JobSearch&q=javascript&r=true
Sr Software Engineer -- Lead,"DIGARC
                ",https://stackoverflow.com/jobs/460646/sr-software-engineer-lead-digarc?a=2uu9Em7du41O&so=i&pg=11&offset=8&total=285&so_medium=Internal&so_source=JobSearch&q=javascript&r=true
Principal Software Engineer,"Lurn, Inc.
                ",https://stackoverflow.com/jobs/472060/principal-software-engineer-lurn-inc?a=2yju6ujd8jgA&so=i&pg=11&offset=9&total=285&so_medium=Internal&so_source=JobSearch&q=javascript&r=true
Ruby on Rails Developer (US or Canada),"BiTE interactive
                ",https://stackoverflow.com/jobs/433137/ruby-on-rails-developer-us-or-canada-bite-interactive?a=2lgabY5vNzOg&so=i&pg=11&offset=10&total=285&so_medium=Internal&so_source=JobSearch&q=javascript&r=true
Senior Data Scientist,"Team Go, Inc
                ",https://stackoverflow.com/jobs/460886/senior-data-scientist-team-go-inc?a=2uz9d1vIQFXi&so=i&pg=11&offset=11&total=285&so_medium=Internal&so_source=JobSearch&q=javascript&r=true
Principal Software Engineer (Frontend),"Digital Diagnostics Inc.
                ",https://stackoverflow.com/jobs/455199/principal-software-engineer-frontend-digital-diagnostics-inc?a=2sETLvUuuXZu&so=i&pg=11&offset=12&total=285&so_medium=Internal&so_source=JobSearch&q=javascript&r=true
"Principal Front-End Engineer, Tech Lead (React and Java EE)","Unanet, Inc.
                ",https://stackoverflow.com/jobs/467329/principal-front-end-engineer-tech-lead-react-unanet-inc?a=2wJ75YqA3Mo8&so=i&pg=11&offset=13&total=285&so_medium=Internal&so_source=JobSearch&q=javascript&r=true
Senior Mobile Developer,"VoiceThread
                ",https://stackoverflow.com/jobs/462395/senior-mobile-developer-voicethread?a=2v4wy6rZNfi0&so=i&pg=11&offset=14&total=285&so_medium=Internal&so_source=JobSearch&q=javascript&r=true
"Senior .NET Web Developer (Angular, C#)","LBA Ware
                ",https://stackoverflow.com/jobs/451927/senior-net-web-developer-angular-c-sharp-lba-ware?a=2ryRtHhU0PeM&so=i&pg=11&offset=15&total=285&so_medium=Internal&so_source=JobSearch&q=javascript&r=true
Lead Quality Engineer,"PeerWell Inc.
                ",https://stackoverflow.com/jobs/468513/lead-quality-engineer-peerwell-inc?a=2x7JCvfedwpq&so=i&pg=11&offset=16&total=285&so_medium=Internal&so_source=JobSearch&q=javascript&r=true
Site Reliability Engineers wanted!,"Magnolia International Ltd.
                ",https://stackoverflow.com/jobs/408125/site-reliability-engineers-wanted-magnolia-international-ltd?a=2cS5LlvUiiEU&so=i&pg=11&offset=17&total=285&so_medium=Internal&so_source=JobSearch&q=javascript&r=true
Sr. Manager of Core Product Engineering,"Mattermost, Inc
                ",https://stackoverflow.com/jobs/453703/sr-manager-of-core-product-engineering-mattermost-inc?a=2s9N1vlTJY9W&so=i&pg=11&offset=18&total=285&so_medium=Internal&so_source=JobSearch&q=javascript&r=true
Cloud Architect with Kubernetes and .Net Experience,"MapLarge
                ",https://stackoverflow.com/jobs/244362/cloud-architect-with-kubernetes-and-net-maplarge?a=1jWZtPjVknII&so=i&pg=11&offset=19&total=285&so_medium=Internal&so_source=JobSearch&q=javascript&r=true
Cloud Native Java Developer,"Railroad19
                ",https://stackoverflow.com/jobs/457469/cloud-native-java-developer-railroad19?a=2tq69FeoQqMo&so=i&pg=11&offset=20&total=285&so_medium=Internal&so_source=JobSearch&q=javascript&r=true
Software Engineer,"LIBERA, INC.
                ",https://stackoverflow.com/jobs/469386/software-engineer-libera-inc?a=2xpSTuXPNT3y&so=i&pg=11&offset=21&total=285&so_medium=Internal&so_source=JobSearch&q=javascript&r=true
DevOps Engineer - Senior,"Moov Financial
                ",https://stackoverflow.com/jobs/461394/devops-engineer-senior-moov-financial?a=2uJHWmFR1JUk&so=i&pg=11&offset=22&total=285&so_medium=Internal&so_source=JobSearch&q=javascript&r=true
Senior Frontend Developer,"Stacklet, Inc.
                ",https://stackoverflow.com/jobs/423281/senior-frontend-developer-stacklet-inc?a=2hXefnyapgsw&so=i&pg=11&offset=23&total=285&so_medium=Internal&so_source=JobSearch&q=javascript&r=true
Senior Application Security Engineer,"TaxJar
                ",https://stackoverflow.com/jobs/457699/senior-application-security-engineer-taxjar?a=2tuSF3WcNGO4&so=i&pg=11&offset=24&total=285&so_medium=Internal&so_source=JobSearch&q=javascript&r=true
Application Security Developer,"New Context Services
                ",https://stackoverflow.com/jobs/458263/application-security-developer-new-context-services?a=2tGBKlVNzXuU&so=i&pg=12&offset=0&total=285&so_medium=Internal&so_source=JobSearch&q=javascript&r=true
Data Engineer - Metrics [Remote],"TMP Worldwide
                ",https://stackoverflow.com/jobs/459807/data-engineer-metrics-remote-tmp-worldwide?a=2ucI2UNAVR7y&so=i&pg=12&offset=1&total=285&so_medium=Internal&so_source=JobSearch&q=javascript&r=true
Full Stack Web Developer,"Sunrise Brands
                ",https://stackoverflow.com/jobs/409612/full-stack-web-developer-sunrise-brands?a=2dn0K0Ul17aM&so=i&pg=12&offset=2&total=285&so_medium=Internal&so_source=JobSearch&q=javascript&r=true
"Architect (Node, React) - Remote Global","Modus Create
                ",https://stackoverflow.com/jobs/471618/architect-node-react-remote-global-modus-create?a=2yaiiolhWRHy&so=i&pg=12&offset=3&total=285&so_medium=Internal&so_source=JobSearch&q=javascript&r=true
Senior React Native Engineer,"Fireside
                ",https://stackoverflow.com/jobs/435460/senior-react-native-engineer-fireside?a=2m2sUidWX5u0&so=i&pg=12&offset=4&total=285&so_medium=Internal&so_source=JobSearch&q=javascript&r=true
Ruby on Rails Developer,"Nebulab
                ",https://stackoverflow.com/jobs/451988/ruby-on-rails-developer-nebulab?a=2rA8hhK3tSRa&so=i&pg=12&offset=5&total=285&so_medium=Internal&so_source=JobSearch&q=javascript&r=true
"Manager, Growth Engineering","Auth0
                ",https://stackoverflow.com/jobs/435599/manager-growth-engineering-auth0?a=2m5m6gaLTOtW&so=i&pg=12&offset=6&total=285&so_medium=Internal&so_source=JobSearch&q=javascript&r=true
Senior Product/ UX Designer,"LeadIQ
                ",https://stackoverflow.com/jobs/422621/senior-product-ux-designer-leadiq?a=2hJvp1aTKBRm&so=i&pg=12&offset=7&total=285&so_medium=Internal&so_source=JobSearch&q=javascript&r=true
Senior iOS Mobile Engineer,"Passio Inc.
                ",https://stackoverflow.com/jobs/433775/senior-ios-mobile-engineer-passio-inc?a=2ltqFUUWetAA&so=i&pg=12&offset=8&total=285&so_medium=Internal&so_source=JobSearch&q=javascript&r=true
Senior QA Engineer,"Bitso
                ",https://stackoverflow.com/jobs/455934/senior-qa-engineer-bitso?a=2sUbisE8bqik&so=i&pg=12&offset=9&total=285&so_medium=Internal&so_source=JobSearch&q=javascript&r=true
Senior JavaScript/NodeJS Backend Developer ,Techifide Limited,https://weworkremotely.com/remote-jobs/techifide-limited-senior-javascript-nodejs-backend-developer
"Senior Staff Javascript Engineer (Full-Stack, Node/Express, React)",Clevertech,https://weworkremotely.com/remote-jobs/clevertech-senior-staff-javascript-engineer-full-stack-node-express-react
Senior Front-end Engineer (Javascript ES6/AngularJS),Codeable,https://weworkremotely.com/remote-jobs/codeable-senior-front-end-engineer-javascript-es6-angularjs
Software Engineer (Ruby on Rails / JavaScript),TaxJar,https://weworkremotely.com/remote-jobs/taxjar-software-engineer-ruby-on-rails-javascript
Experienced Java / JavaScript Fullstack Developer for Healthcare Solutions,nubedian GmbH,https://weworkremotely.com/remote-jobs/nubedian-gmbh-experienced-java-javascript-fullstack-developer-for-healthcare-solutions-1
Senior JavaScript Engineer ,Automattic,https://weworkremotely.com/remote-jobs/automattic-senior-javascript-engineer
Frontend React Developer,Paperpile,https://remoteok.io/remote-jobs/100990-remote-frontend-react-developer-paperpile
Senior Frontend Engineer,Processful,https://remoteok.io/remote-jobs/100953-remote-senior-frontend-engineer-processful
Product Engineer,Nomad List + Remote OK,https://remoteok.io/remote-jobs/100947-remote-product-engineer-nomad-list-remote-ok
Frontend Web Developer,Refurbed,https://remoteok.io/remote-jobs/100455-remote-frontend-web-developer-refurbed
Senior Go Backend Developer,Refurbed,https://remoteok.io/remote-jobs/100453-remote-senior-go-backend-developer-refurbed
Software Engineer,AlphaSights,https://remoteok.io/remote-jobs/100445-remote-software-engineer-alphasights
Senior React Native Developer,Clevertech,https://remoteok.io/remote-jobs/100061-remote-senior-react-native-developer-clevertech
React.js Angular Node.js Developer,Soshace,https://remoteok.io/remote-jobs/100877-remote-react-js-angular-node-js-developer-soshace
Senior Wordpress Backend Developer,BuddyBoss,https://remoteok.io/remote-jobs/100875-remote-senior-wordpress-backend-developer-buddyboss
React Tech Lead,WisePops,https://remoteok.io/remote-jobs/100873-remote-react-tech-lead-wisepops
Front End Developer,Network Gaming,https://remoteok.io/remote-jobs/100832-remote-front-end-developer-network-gaming
Senior Software Developer,Shopify,https://remoteok.io/remote-jobs/100776-remote-senior-software-developer-shopify
Experienced Frontend Developer,Visuary,https://remoteok.io/remote-jobs/100800-remote-experienced-frontend-developer-visuary
Software Engineer,Group Nine Media,https://remoteok.io/remote-jobs/100729-remote-software-engineer-group-nine-media
Front End Developer,Flightradar24,https://remoteok.io/remote-jobs/100718-remote-front-end-developer-flightradar24
React Native Developer,Mozn,https://remoteok.io/remote-jobs/100712-remote-react-native-developer-mozn
Ecommerce Developer,BranchLabs,https://remoteok.io/remote-jobs/100673-remote-ecommerce-developer-branchlabs
Full Stack Developer,Clevertech,https://remoteok.io/remote-jobs/100671-remote-full-stack-developer-clevertech
Wordpress Developer,VertiStudio,https://remoteok.io/remote-jobs/100644-remote-wordpress-developer-vertistudio
Mobile App Developer,BuddyBoss,https://remoteok.io/remote-jobs/100617-remote-mobile-app-developer-buddyboss
Full Stack Developer,HelloMaaS,https://remoteok.io/remote-jobs/100554-remote-full-stack-developer-hellomaas
Senior Software Engineer Frontend,Athenian,https://remoteok.io/remote-jobs/100536-remote-senior-software-engineer-frontend-athenian
Fullstack Software Engineer,Frontier,https://remoteok.io/remote-jobs/100530-remote-fullstack-software-engineer-frontier
Senior JavaScript Developer,Kontist,https://remoteok.io/remote-jobs/99810-remote-senior-javascript-developer-kontist
Angular Full Stack Developer,Documo,https://remoteok.io/remote-jobs/100905-remote-angular-full-stack-developer-documo
Senior Backend Developer Who Loves Node.js,Well Health,https://remoteok.io/remote-jobs/100869-remote-senior-backend-developer-who-loves-node-js-well-health
Jr Mid React Python Developer,Compugain,https://remoteok.io/remote-jobs/100695-remote-jr-mid-react-python-developer-compugain
React Developer,Singular,https://remoteok.io/remote-jobs/100599-remote-react-developer-singular
Node.js Developer,Singular,https://remoteok.io/remote-jobs/100598-remote-node-js-developer-singular
